,conf,cons
0,0.6984924623115578,2.0
1,0.6597701149425287,2.0
2,0.8664529914529915,2.0
